category,title,description,views,likes,comments,publishedAt
Music,GloRilla - WHATCHU KNO ABOUT ME ft. Sexyy Red (Official Music Video),"Stream ‚ÄúGLORIOUS‚Äù Out Everywhere: https://glorilla.lnk.to/Glorious

Follow #GloRilla: 

Instagram: https://www.instagram.com/glorillapimp/
Twitter: https://twitter.com/GloTheofficial
TikTok: https://www.tiktok.com/@glorilla03
Facebook: https://www.facebook.com/gloyaltygirl
Merch: https://shop.glorillaofficial.com/

Keep up with GloRilla on #GloRidaz:
Instagram: https://www.instagram.com/gloridazofficial/
Twitter: https://twitter.com/RealGloridaz
TikTok: https://www.tiktok.com/@gloridazofficial
 
#GloRilla #GLORIOUS #CMGTheLabel

Music video by GloRilla performing WHATCHU KNO ABOUT ME.¬© 2024 CMG/Interscope Records",3698294,142483,7623,2024-10-11T04:00:06Z
Music,Rod Wave - Last Lap (Official Audio),"Listen To Rod Wave's New Album ""Last Lap""
http://rodwave.lnk.to/LastLap

Everything Rod Wave: 
https://official-rodwave.com

Last Lap Tour Tickets:
http://rodwave.lnk.to/LastLapTickets

Follow Rod Wave:
‚ñ∫ Instagram: https://www.instagram.com/rodwave/
‚ñ∫ TikTok: https://rodwave.lnk.to/tiktok
‚ñ∫ Facebook: https://www.facebook.com/rodwave
‚ñ∫ Snapchat: https://www.snapchat.com/add/therealrodwave
‚ñ∫ Discord: https://discord.gg/rodwave
‚ñ∫ Twitter: https://twitter.com/rodwave

Listen to Rod Wave:
‚ñ∫ Apple Music: https://rodwave.lnk.to/applemusic
‚ñ∫ YouTube: https://rodwave.lnk.to/youtube
‚ñ∫ Spotify: https://rodwave.lnk.to/spotify
‚ñ∫ SoundCloud: https://rodwave.lnk.to/soundcloud
‚ñ∫ Amazon: https://rodwave.lnk.to/amazonmusic
‚ñ∫ TIDAL: https://rodwave.lnk.to/TIDAL

#Rodwave #LastLap",1816629,56087,2909,2024-10-11T04:00:36Z
Music,Rod Wave - 25 (Official Video),"Listen To Rod Wave's New Album ""Last Lap""
http://rodwave.lnk.to/LastLap

Directed by: Cam Videos

Everything Rod Wave: 
https://official-rodwave.com

Last Lap Tour Tickets:
http://rodwave.lnk.to/LastLapTickets

Follow Rod Wave:
‚ñ∫ Instagram: https://www.instagram.com/rodwave/
‚ñ∫ TikTok: https://rodwave.lnk.to/tiktok
‚ñ∫ Facebook: https://www.facebook.com/rodwave
‚ñ∫ Snapchat: https://www.snapchat.com/add/therealrodwave
‚ñ∫ Discord: https://discord.gg/rodwave
‚ñ∫ Twitter: https://twitter.com/rodwave

Listen to Rod Wave:
‚ñ∫ Apple Music: https://rodwave.lnk.to/applemusic
‚ñ∫ YouTube: https://rodwave.lnk.to/youtube
‚ñ∫ Spotify: https://rodwave.lnk.to/spotify
‚ñ∫ SoundCloud: https://rodwave.lnk.to/soundcloud
‚ñ∫ Amazon: https://rodwave.lnk.to/amazonmusic
‚ñ∫ TIDAL: https://rodwave.lnk.to/TIDAL

#Rodwave #LastLap ##25",1531200,63399,2421,2024-10-13T05:00:07Z
Music,Latto - Brokey (Official Video),"Latto - Brokey (Official Video)

Listen to Sugar Honey Iced Tea:
https://latto.lnk.to/sugarhoneyicedtea

Subscribe for more official content from Latto:
https://latto.lnk.to/YouTubeSubscribe 
 
Follow Latto
https://www.biglatto.com/
https://shop.biglatto.com/
https://www.instagram.com/latto777 
https://www.tiktok.com/@latto777
https://twitter.com/Latto
https://www.facebook.com/BigLatto/
https://soundcloud.com/latto777
https://Latto.lnk.to/FollowAY/spotify
https://Latto.lnk.to/FollowAY/applemusic
https://Latto.lnk.to/FollowAY/tidal
 
The official YouTube channel of Latto. Subscribe for the latest music videos, performances, and more.

#latto  #brokey #sugarhoneyicedtea",2105108,80858,3973,2024-10-11T16:00:05Z
Music,Rod Wave - Angel With An Attitude (Official Audio),"Listen To Rod Wave's New Album ""Last Lap""
http://rodwave.lnk.to/LastLap

Everything Rod Wave: 
https://official-rodwave.com

Last Lap Tour Tickets:
http://rodwave.lnk.to/LastLapTickets

Follow Rod Wave:
‚ñ∫ Instagram: https://www.instagram.com/rodwave/
‚ñ∫ TikTok: https://rodwave.lnk.to/tiktok
‚ñ∫ Facebook: https://www.facebook.com/rodwave
‚ñ∫ Snapchat: https://www.snapchat.com/add/therealrodwave
‚ñ∫ Discord: https://discord.gg/rodwave
‚ñ∫ Twitter: https://twitter.com/rodwave

Listen to Rod Wave:
‚ñ∫ Apple Music: https://rodwave.lnk.to/applemusic
‚ñ∫ YouTube: https://rodwave.lnk.to/youtube
‚ñ∫ Spotify: https://rodwave.lnk.to/spotify
‚ñ∫ SoundCloud: https://rodwave.lnk.to/soundcloud
‚ñ∫ Amazon: https://rodwave.lnk.to/amazonmusic
‚ñ∫ TIDAL: https://rodwave.lnk.to/TIDAL

#Rodwave #LastLap",1522660,48676,2410,2024-10-11T04:00:46Z
Music,Shakira - Soltera (Official Video),"Music: 
Apple Music:  https://Shakira.lnk.to/Soltera/applemusic 
Spotify: https://Shakira.lnk.to/Soltera/spotify
Amazon: https://Shakira.lnk.to/Soltera/amazonmusicstreaming
YouTube: https://Shakira.lnk.to/Soltera/youtube
iTunes: https://Shakira.lnk.to/Soltera/itunes
Deezer: https://Shakira.lnk.to/Soltera/deezer
TikTok: https://Shakira.lnk.to/Soltera/tiktokusemysound
Pandora: https://Shakira.lnk.to/Soltera/pandora 

Lyrics/Letra:
Sal√≠ pa‚Äô despejarme
Y ya cansada de estar apagada
Decid√≠ prenderme
Cambi√© de amigos
Porque los que estaban solo hablaban de √©l
A las malas me toc√≥ aprender
Que no tengo nada que perder
Y como ellos tambi√©n

Yo tengo derecho de portarme mal 
Pa‚Äô pasarla bien
Estoy suelta y ahora
Puedo hacer lo que quiera 
Se pasa rico soltera

Yo tengo derecho de portarme mal 
Pa‚Äô pasarla bien 
Estoy suelta y ahora
Puedo hacer lo que quiera 
Se pasa rico soltera

El d√≠a est√° pa‚Äô bote y playa
El d√≠a est√° pa‚Äô bote y playa
Y para pasarme de la raya.
En la arena sobre la toalla,
Ese plancito nunca falla.
Esta nena tiene fans
Y el coraz√≥n part√≠o, como Sanz
Muchos son los que me tiran, pero
Pocos son los que me dan.

Soy selectiva, poca trayectoria,
Normal,
Por razones obvias
Al amor le cog√≠ fobia,
Perro que me escriba pantallazo y pa' su novia
Nadie va a decirme c√≥mo me debo comportar
Pueden opinar, pero

Yo tengo derecho de portarme mal 
Pa‚Äô pasarla bien
Estoy suelta y ahora
Puedo hacer lo que quiera 
Se pasa rico soltera
Yo tengo derecho de portarme mal 
Pa‚Äô pasarla bien 
Estoy suelta y ahora
Puedo hacer lo que quiera 
Se pasa rico soltera

Con vista al mar, reserv√© el hotel
Ya me prend√≠ con un solo coctel
Me puse poca ropa pa' mostrar la piel
La abeja reina est√° botando miel

Aun huele a verano aqu√≠
¬øQu√© tiene de malo? S√≠,
Eso es para usarlo y

Mi cuerpo est√° diciendo‚Ä¶

Yo tengo derecho de portarme mal 
Pa‚Äô pasarla bien
Estoy suelta y ahora
Puedo hacer lo que quiera 
Se pasa rico soltera

Aun huele a verano aqu√≠
¬øQu√© tiene de malo? S√≠
Eso es para usarlo y

Mi cuerpo est√° diciendo‚Ä¶

Aun huele a verano aqu√≠
Y eso es para usarlo, si
Hoy algo me gano aqu√≠, 
 
Ay, 

Ahh, se pasa rico soltera 
Y ahora las lobas‚Ä¶

Yo tengo derecho de portarme mal 
Pa‚Äô pasarla bien
Estoy suelta y ahora
Puedo hacer lo que quiera 
Se pasa rico soltera

Ay que rico‚Ä¶mira que rico
Yo tengo derecho de portarme mal 
Pa‚Äô pasarla bien 
Pa‚Äô que ese cabr√≥n 
Cuando me vea le duela
Se pasa rico soltera

Yo tengo derecho de portarme mal 
Pa‚Äô pasarla bien 
Pa‚Äô que ese cabr√≥n 
Cuando me vea le duela
Se pasa rico soltera

Shakira: 
Instagram: https://www.instagram.com/shakira
Tik Tok: https://www.tiktok.com/@shakira
Facebook: https://www.facebook.com/shakira

#Shakira #Soltera

Official Video by Shakira performing Soltera. (C) 2024 Ace Entertainment S.ar.l., under exclusive license to Sony Music Entertainment US Latin LLC",15231182,522082,31041,2024-10-11T16:00:32Z
Music,KSI - Thick Of It (feat. Trippie Redd) [Official Music Video],"KSI - Thick Of It (feat. Trippie Redd) [Official Music Video]
Listen Now: https://lnk.to/Thickofit_Low

Follow KSI
Instagram: https://www.instagram.com/ksi
Facebook: https://www.facebook.com/KSIOlajidebt
Twitter: https://twitter.com/KSI
TikTok: https://www.tiktok.com/@ksi
Spotify: https://open.spotify.com/artist/1nzgtKYFckznkcVMR3Gg4z

Credits

Director: KC Locke
Exec Producer: Jenny O‚ÄôSullivan, Marisa Garner, KC Locke
Directors Rep: Marisa Garner
Production Company: Swords & Eagles
Producer: Gr√°inne Dwyer, Emily Power
DOP: Joe Douglas  
Production Designer: Jenny O'Sullivan
Editor: Jamil Shaukat  

Head of Video & Creative Commissioner: Kim Jarrett

********************************************** 
Prod coordinator: Zo√´ Brennan Whitmore
PA: Onai Tafuma, Laura Weiymi, Khaya Tafuma
Casting: Fiona Dwyer
Talent PA: Laura Whelan
Prod Accounts: Roisin Dwye, Catherine Brown

1st AD: Wes O‚Äô Duinn
2nd AD: Nicola Long
1st AC:  Charlie Fleetwood
2nd AC: Patrick Moran
Camera Trainee: Jack Long
DIT: Jamil Shaukat
Grip: John Connon
Grip Assistant: Christopher Connon
Rigging: David Lawless ‚ÑÖ Spectrum Productions

Gaffer: Andrej Pacher
Spark: Sean Smith
Best Boy: John Allan
Best Boy: James Farrell
Lighting Trainee: David Cleary
Buyer: Sean O‚ÄôMahony
Art Assistant: Edward Cunningham 
Art Assistant: Dave Dillon Keating
Set Dresser: Giovanna Chiarella
Props: Props 360
Props:AMPM

SFX: FX Ireland ‚ÑÖ Brendan Byrne 
SFX Technician: Philippe Zone
Action Car: DNA Action Vehicles

KSI MUA: Shamara Roper
KSI Stylist:  Vivian Nwonka
MUA: Aitana Silvana
MUA: Cliona Campbell
Stylist: Eoin Gavin
Hair Stylist for talent: Gift Ndukwu

Talent: 
Ice Girl: Oyin Adeyemi
Stockbroker: John Manning 
Office Extra: Sasha Boyle
Office Extra: Lucy Loughran
Office Extra: Chris Wong
Office Extra: Jamie C
Office Extra: Diana Y

BTS: Firmative Media, Paddy McKeown, Conor Eiffe

**********************************************
Camera Rentals: Widescreen Hire
Lighting Rentals: Teach Solais & Production Services Ireland
Location utilities: Irish Film Location Facilities
Medic: Blue Screen Medics
Security: Pulse Security
Catering: The Divine Foodie

Special thanks to: Complex Studios, Dublin City Council, Fresh Point, Oxmantown, Boars Head & Bow Street. 

**********************************************

Post Producer: KC Locke
Post Supervisor: Jamil Shaukat
Editing House: Picture Lock

VFX Studio: Null Studios
VFX Producer: Jacob van Pelt, Justin Hwang

3D Artists:
Tehage Horgosigergely
Zolt√°n Szatm√°ri
Samet Berk
Mustanu Eugeniu
Baurzhan Sabyrzhanov
Andr√©s Prieto

3D Simulation Artist:
LKSvisuals

VFX Compositing Artists: 
Anurag Raj
Jacob van Pelt
Valts Bergmanis
Tehage Horgosigergely

Keying/Cleanup Artists:
Andr√©s Prieto 
Rinalds Stilins 
Lleyton Watts

Colour House: Harbor Picture Co
Colour Producer: Charlie Moris 
Colourist: Alex Gregory 
Colour assist: Sarah Banks

Titles: Bimmy",27645289,624035,385897,2024-10-03T19:00:06Z
Music,JENNIE - Mantra (Official Music Video),"Official music video for ‚ÄúMantra‚Äù by JENNIE out now: https://jennie.lnk.to/mantra

Directed by Tanu Muino

Follow JENNIE -

Instagram: https://www.instagram.com/jennierubyjane
TikTok: https://www.tiktok.com/@jennierubyjane
Twitter: https://twitter.com/jennierubyjane

https://jenn.ie

#JENNIE #Mantra #Ï†úÎãà",37678427,2521694,183597,2024-10-11T00:00:06Z
Music,GloRilla - I LUV HER (feat. T-Pain) (Official Audio),"Stream ‚ÄúGLORIOUS‚Äù Out Everywhere: https://glorilla.lnk.to/Glorious

Follow #GloRilla:
Instagram: https://www.instagram.com/glorillapimp/
Twitter: https://twitter.com/GloTheofficial
TikTok: https://www.tiktok.com/@glorilla03
Facebook: https://www.facebook.com/gloyaltygirl
Merch: https://shop.glorillaofficial.com/
Keep up with GloRilla on #GloRidaz:
Instagram: https://www.instagram.com/gloridazofficial/
Twitter: https://twitter.com/RealGloridaz
TikTok: https://www.tiktok.com/@gloridazofficial

#GloRilla #GLORIOUS #CMGTheLabel #TPain #ILUVHER

Music video by GloRilla, T-Pain performing I LUV HER (Audio).¬© 2024 CMG/Interscope Records",824639,35564,1169,2024-10-11T04:00:36Z
Gaming,Our Best Game EVER! Wheel of CUT! Ep. #18,"holy guacamole dude... this team is dummy stoopid cracked (kay adams please respond to my dm i know you ready my wheel of cut descriptions please)

wow, you stud - thanks for clicking this video. quite simply, i cant help but notice how handsome you look right now - great job sport. keep up the nice work!

#mmg",245447,13096,758,2024-10-16T23:00:38Z
Gaming,DEMON KING wants to MARRY me!,"And that‚Äôs why you always say yes if a demon asks to marry you!
üíú Come take a look at my merch! üíú https://aphmeow.com/
‚ñ∫ Instagram: https://www.instagram.com/aphmau_ 

====. * ÔΩ• ÔΩ°Ôæü‚òÜ [Friends!] ‚òÜÔΩ°ÔæüÔΩ•* .====
‚òÖ Aaron: Jason Bravura
‚òÖ Zane: Kestin Howard
‚òÖ Ein: Chris Escalante 
‚òÖ KC: MegaMoeka

NOT an official Minecraft Product. Not approved by or associated with Mojang or Microsoft.

#Minecraft #Aphmau",550818,18750,3324,2024-10-16T20:17:55Z
Gaming,The Future of Brawl Stars in 2025!,"More collabs‚ÄºÔ∏è
More permanent features‚Äº
More Quality of Life changes‚Äº
More Brawlers‚Äº
More Power Levels‚ÅâÔ∏è

The true CEO of Brawl, Frank, is here to tell you all about it! üçø",1961929,155133,11457,2024-10-16T15:00:16Z
Gaming,The Highest Rated Trading Card Shop in America,"I want my store to be the very best.

BIGMODE store https://bigmode.com/shop",617042,36430,1163,2024-10-16T19:30:06Z
Gaming,Who Killed Barry?!?,"üïπÔ∏è Play Who Killed Barry: https://allout.game/play

Friends in the Video
‚≠ë @Nicovald 
‚≠ë @sigils  
‚≠ë @PatP_ 
‚≠ë @Zud 
‚≠ë @helloiamkate 
‚≠ë @BiffleWiffle 
‚≠ë @Lookumz 

‚Ä¢ Video Editor ‚ñ∫ Russell
https://www.youtube.com/russelledits

‚Ä¢ Discord: https://discord.gg/ssundee

‚Äã‚Äã‚Ä¢ Music by Ninety9 ‚ñ∫ LivesTobu - Such Fun
Video Link: https://www.youtube.com/watch?v=d3Oc26AFDdU
Channel: https://99l.tv/Subscribe
Download the album! https://99l.tv/Levelup-i

#gaming #ssundee #amongus 

Thanks for watching!",437938,15892,1279,2024-10-16T22:00:15Z
Gaming,Wins Like This Are Why I Love Playing Slots,"Visit VegasMatt.com for upcoming event details and for official Vegas Matt merchandise

SUBSCRIBE :)",376877,15258,2109,2024-10-16T18:45:00Z
Gaming,30 SECRETS In Fortnitemares,"30 SECRETS In Fortnitemares
Item Shop Code: T5G #UseCodeT5G #fortnite #epicpartner 

Video Sources
Spaceler2024 https://youtu.be/5VFeH90JF8A

Follow us on Instagram & Twitter to be informed when we post:
https://twitter.com/Top5Gamingx
https://www.instagram.com/top5gamingx/

Check out our Other Fortnite Videos Here

Our FIRST LOOK At Fortnite SEASON 4!
https://www.youtube.com/watch?v=opGayGZ51AM

Fortnite LEAKED SEASON 4!
https://www.youtube.com/watch?v=koD6Bxly-ik

50 Things You FORGOT Existed In Fortnite
https://www.youtube.com/watch?v=gsKRp2aIhME

35 INSANE Little Details In Fortnite
https://www.youtube.com/watch?v=HP3htsY6m0A

Notice: We earn revenue from you supporting us in the Fortnite Item Shop. Thank you to Epic Games for partnering with us.",355250,9849,586,2024-10-16T20:52:46Z
Gaming,roblox finally listened...,"huge w roblox updates
üíö YOUTUBE MEMBER - https://www.youtube.com/kreekcraft/join
üß¢ KREEKCRAFT MERCH - https://kreekcraft.store

0:00 New Roblox Menu
1:21 Avatar Accessory Adjustment
2:30 Roblox Friend Limit
4:02 The Haunt Event
5:56 Roblox Under Investigation

----------------------------------------------------------------
üê¶ TWITTER - https://twitter.com/kreekcraft
üì∏ INSTAGRAM - https://www.instagram.com/dakreekcraft
üì± TIKTOK - https://www.tiktok.com/@dakreekcraft
üëª SNAPCHAT - https://www.snapchat.com/add/kreekcraftirl
----------------------------------------------------------------

üíú TWITCH - https://www.twitch.tv/kreekcraft
üí¨ DISCORD - https://discord.gg/kreekcraft
üì≤ CAMEO - https://www.cameo.com/kreekcraft

üü• ROBLOX PROFILE - https://www.roblox.com/users/140258990
üü¶ ROBLOX GROUP - https://www.roblox.com/groups/3072234

#roblox #update #news 
üìß BUSINESS EMAIL - kreek@ellify360.com",565709,22431,4855,2024-10-16T23:34:52Z
Gaming,I Watched ALL of Parkour Civilization. Now I'm an expert.,"follow me on twitter ‚ñ∫ https://www.twitter.com/ludwigahgren
follow me on tiktok ‚ñ∫ https://www.tiktok.com/@ludwig
follow me on instagram ‚ñ∫ https://www.instagram.com/ludwigahgren
join my subreddit ‚ñ∫ https://old.reddit.com/r/LudwigAhgren/
join my discord ‚ñ∫ https://discord.gg/ludwig
LINK TO EVERYTHING ‚ñ∫ https://wlo.link/@ludwig


edited by: https://twitter.com/shakedrizzle

#ludwig",1112225,43887,2229,2024-10-15T22:45:01Z
Gaming,Three Idiots VS DRAGON BALL Sparking ZERO (Legendary Box Of Battles),"The Three Idiots finally go head to head in Dragon Ball Sparking! Zero, with a twist from an old favorite series... The rules of The LEGENDARY BOX OF BATTLES.

feat:
@DotoDoya @rhymestyle 

Thanks as always for the support. Drop a Like - Comment your favorite part - and Share all over to show your support! If you want to see more, make sure to Subscribe to the channel!

Until the next one, catch me here:

Twitch:
http://twitch.tv/seereaxtv

Twitter:
http://twitter.com/seereax

IG:
http://instagram.com/seereax",163055,19190,1439,2024-10-17T00:34:05Z
News,Vice President Kamala Harris grilled on pivotal issues as election nears on 'Special Report',"Vice President Kamala Harris discusses immigration, the economy, responding to U.S. adversaries and more with Fox News chief political anchor Bret Baier on 'Special Report.'

Subscribe to Fox News! https://bit.ly/2vBUvAS
Watch more Fox News Video: http://video.foxnews.com
Watch Fox News Channel Live: http://www.foxnewsgo.com/

FOX News Channel (FNC) is a 24-hour all-encompassing news service delivering breaking news as well as political and business news. The number one network in cable, FNC has been the most-watched television news channel for 18 consecutive years. According to a 2020 Brand Keys Consumer Loyalty Engagement Index report, FOX News is the top brand in the country for morning and evening news coverage. A 2019 Suffolk University poll named FOX News as the most trusted source for television news or commentary, while a 2019 Brand Keys Emotion Engagement Analysis survey found that FOX News was the most trusted cable news brand. A 2017 Gallup/Knight Foundation survey also found that among Americans who could name an objective news source, FOX News was the top-cited outlet. Owned by FOX Corporation, FNC is available in nearly 90 million homes and dominates the cable news landscape, routinely notching the top ten programs in the genre.

Watch full episodes of your favorite shows
The Five: https://www.foxnews.com/video/shows/the-five
Special Report with Bret Baier: https://www.foxnews.com/video/shows/special-report
Jesse Watters Primetime: https://www.foxnews.com/video/shows/jesse-watters-primetime
Hannity: https://www.foxnews.com/video/shows/hannity
The Ingraham Angle: https://www.foxnews.com/video/shows/ingraham-angle
Gutfeld!: https://www.foxnews.com/video/shows/gutfeld
Fox News @ Night: https://www.foxnews.com/video/shows/fox-news-night

Follow Fox News on Facebook: https://www.facebook.com/FoxNews/
Follow Fox News on Twitter: https://twitter.com/FoxNews/
Follow Fox News on Instagram: https://www.instagram.com/foxnews/",2814530,80459,87850,2024-10-16T23:35:55Z
News,"Megyn Kelly Reacts to Joe Biden Going Public With His Disdain For Kamala Harris: ""This Is Obvious""","Megyn Kelly reacts to Joe Biden going public with his disdain for Kamala Harris.

LIKE & SUBSCRIBE for new videos everyday: https://bit.ly/3Aw93yw

Watch full clips of The Megyn Kelly Show here: https://bit.ly/3xFXNxI

Sign up for my 'American News Minute' weekly email:¬†https://www.megynkelly.com

Tune in live on SiriusXM at 12-2pmET: SiriusXM.us/TheMegynKellyShow

Find the full audio show wherever you get your podcasts:
Apple ‚Äî https://podcasts.apple.com/us/podcast/the-megyn-kelly-show/id1532976305
Spotify ‚Äî https://open.spotify.com/show/0awxEJH88Xur0GHXuteBLw?si=0EcxxHSLQhO2uYmpUN13KQ&dl_branch=1

Follow The Megyn Kelly Show on all social platforms:
Twitter ‚Äî https://twitter.com/MegynKellyShow
Instagram ‚Äî https://www.instagram.com/megynkellyshow/
Facebook ‚Äî https://www.facebook.com/MegynKellyShow

Connect with me on social media:
Twitter ‚Äî https://twitter.com/megynkelly
Instagram ‚Äî https://www.instagram.com/megynkelly/
Facebook ‚Äî https://www.facebook.com/MegynKelly",1204311,68384,2549,2024-10-14T23:00:37Z
News,"Major Hurricane Milton Landfall, As It Happened","Support the channel here: http://www.shopryanhall.com 
Internet provided by: https://isptek.co/

Support the Y'all Squad here: http://www.theyallsquad.org 


WANT TO BECOME A MEMBER? CLICK HERE:
https://www.youtube.com/channel/UCJHAT3Uvv-g3I8H3GhHWV7w/join

VIRTUAL RAILFAN 
https://www.youtube.com/@VirtualRailfan
_____________________________________
Check out the Y'all Squad discord server!
https://discord.gg/ryanhallyall

Follow me on these things:

https://www.facebook.com/ryanhallyall
https://twitter.com/ryanhallyall
https://www.instagram.com/ryanhallyall/
https://www.twitch.tv/ryanhallyall

Send us something in the mail!
PO Box 2668
Pikeville, KY 41501

#news #livenews #liveweather",12711317,185699,1177,2024-10-10T03:41:00Z
News,John Harbaugh exits presser to check on brother Jim after going to locker room with illness #shorts,"John Harbaugh exits presser to check on brother Jim after going to locker room with illness #shorts

‚úîÔ∏è Subscribe to ESPN+ http://espnplus.com/youtube
‚úîÔ∏è Get the ESPN App: http://www.espn.com/espn/apps/espn
‚úîÔ∏è Subscribe to ESPN on YouTube: http://es.pn/SUBSCRIBEtoYOUTUBE
‚úîÔ∏è Subscribe to NBA on ESPN on YouTube: http://bit.ly/SUBSCRIBEtoNBAonESPN
‚úîÔ∏è Watch ESPN on YouTube TV: http://es.pn/YouTubeTV",755010,19055,287,2024-10-13T22:06:38Z
News,Weekend Update: Trump Agrees to Fox News Town Hall with All-Women Audience - SNL,"Weekend Update anchors Colin Jost and Michael Che tackle the week's biggest news, like Trump confirming he wouldn't agree to a second debate against Kamala Harris.

Saturday Night Live. Stream now on Peacock: https://pck.tv/3n1IyzK

Subscribe to SNL: https://goo.gl/tUsXwM
Stream Current Full Episodes: http://www.nbc.com/saturday-night-live

WATCH PAST SNL SEASONS
Google Play - http://bit.ly/SNLGooglePlay
iTunes - http://bit.ly/SNLiTunes

SNL ON SOCIAL
SNL Instagram: http://instagram.com/nbcsnl
SNL Facebook: https://www.facebook.com/snl
SNL Twitter: https://twitter.com/nbcsnl
SNL TikTok: https://www.tiktok.com/@nbcsnl

GET MORE NBC
Like NBC: http://Facebook.com/NBC
Follow NBC: http://Twitter.com/NBC
NBC Tumblr: http://NBCtv.tumblr.com/
YouTube: http://www.youtube.com/nbc
NBC Instagram: http://instagram.com/nbc

#SNL #SNL50 #ArianaGrande #StevieNicks",2627754,42968,2407,2024-10-13T05:44:31Z
News,'A coming massive crisis in November': Katyal reacts to JD Vance's refusal to admit Trump lost,"MSNBC Legal analyst Neal Katyal reveals details of how Donald Trump and the GOP could work to overturn the 2024 election results this November. 

¬ª Subscribe to MSNBC: https://www.youtube.com/msnbc
 
Download our new MSNBC app for the latest breaking news and daily headlines at a glance: https://www.msnbc.com/information/download-msnbc-app-n1241692

Follow MSNBC Show Blogs 
MaddowBlog: https://www.msnbc.com/maddowblog
ReidOut Blog: https://www.msnbc.com/reidoutblog

MSNBC delivers breaking news, in-depth analysis of politics headlines, as well as commentary and informed perspectives. Find video clips and segments from The Rachel Maddow Show, Morning Joe, The Beat with Ari Melber, Deadline: White House, The ReidOut, All In, Last Word, 11th Hour, and Alex Wagner who brings her breadth of reporting experience to MSNBC primetime. Watch ‚ÄúAlex Wagner Tonight‚Äù Tuesday through Friday at 9pm Eastern. 
 
Connect with MSNBC Online 
Visit msnbc.com: https://www.msnbc.com/
Subscribe to the MSNBC Daily Newsletter: https://link.msnbc.com/join/5ck/msnbc-daily-signup
Find MSNBC on Facebook: https://www.facebook.com/msnbc/
Follow MSNBC on Twitter: https://twitter.com/MSNBC
Follow MSNBC on Instagram: https://www.instagram.com/msnbc",735935,29930,3746,2024-10-14T18:22:55Z
News,"Trump Farts on Stage, MAGA Nuts Push Insane Weather Lies & Mr. USA's Products Are Made in CHINA!","More than 3 million residents of Florida are without power after Hurricane Milton made its way through, Trumpers have been blaming the White House for the mess even though two weeks ago 11 House Republicans from Florida voted against keeping the Government and FEMA fully funded, Marjorie Taylor Greene is pushing this bonkers idea that Democrats can somehow control the weather to target Republican voting districts, a group of funny guys called The Good Liars were in Reading, Pennsylvania where they met a woman who actually believes this,  we have reached the point of the campaign where Kamala Harris‚Äô emails are making Jimmy feel like he‚Äôs going through a break-up, Trump is going all-in on these absolutely bogus stories about forced gender-swaps in schools, is letting out gas onstage, spent some time in Detroit badmouthing Detroit, he‚Äôs mad at Whoopi Goldberg for using foul language even though he uses profanity all the time, Jimmy has a new theory that Trump is King Midas and he thinks everything he touches will turn into gold, Mr. Made in the USA is out there promising tariffs on China even though many of the items he is hawking are made there, and there is a new non-official Trump product called Trumpy Trout.

SUBSCRIBE to get the latest #Kimmel: http://bit.ly/JKLSubscribe
 
Follow Jimmy Kimmel on Instagram: https://bit.ly/KimmelInstagram 
Follow Jimmy Kimmel Live on Instagram: http://bit.ly/JKLInstagram
Follow Jimmy Kimmel Live on TikTok: https://bit.ly/JKLTikTok 
Like Jimmy Kimmel on Facebook: http://bit.ly/KimmelFB  
Like Jimmy Kimmel Live on Facebook: http://bit.ly/JKLFacebook  
Visit the Jimmy Kimmel Live Website : http://bit.ly/JKLWebsite 
 
About Jimmy Kimmel Live: 
 
Jimmy Kimmel serves as host and executive producer of Emmy¬Æ nominated ‚ÄúJimmy Kimmel Live,‚Äù ABC‚Äôs late-night talk show. ‚ÄúJimmy Kimmel Live‚Äù is well known for its viral video successes, with over 16 billion views and more than 19 million subscribers on the show‚Äôs YouTube channel. Some of Kimmel‚Äôs most popular comedy bits include Celebrities Read Mean Tweets, Lie Witness News, Halloween Candy YouTube Challenge, Jimmy and Cousin Sal pranking Aunt Chippy and music stars like Rihanna and Dua Lipa surprising Jimmy in the middle of the night.",4714875,130532,11877,2024-10-11T03:45:00Z
News,"Fox host tries to catch Kamala in ""gotcha"" moment‚Ä¶ it INSTANTLY backfires","Fox host tries to catch Kamala in gotcha‚Ä¶ it INSTANTLY backfires

Sources:
https://x.com/KamalaHQ/status/1845983940386975814
https://x.com/therecount/status/1846579793782784283
https://x.com/Acyn/status/1846679164059111881

For more from Brian Tyler Cohen:
Order my #1 NYT bestselling book SHAMELESS: https://www.harpercollins.com/pages/shameless
YouTube (espa√±ol): https://www.youtube.com/@briantylercohenespanol
Apple Podcasts: https://apple.co/36UvEHs
Spotify: https://open.spotify.com/show/0066rKCBIycIMI4os6Ec5V
Twitter: https://twitter.com/briantylercohen
Instagram: https://www.instagram.com/briantylercohen
Facebook: https://www.facebook.com/briantylercohen
Newsletter: https://www.briantylercohen.com/sign-up/
TikTok: https://www.tiktok.com/@briantylercohen
Substack: https://plus.briantylercohen.com",1702132,85801,17370,2024-10-17T00:32:54Z
News,Reporter Demolishes Democrat Mayor in Fiery Exchange,"üëâ T-SHIRTS & MUGS: https://redshorts.creator-spring.com
‚úâÔ∏è EMAIL:  redshortsyt22@gmail.com

Fair use applies when using copyrighted material for purposes such as commentary, criticism, news reporting, teaching, scholarship, or research, which I do with the content I create. Typically, I point something out or give my own opinion. These videos are for entertainment and informational purposes based on the creator's opinion and are not meant to offend. If you would like to request the removal of a video clip that belongs to you, please email me at redshortsyt22@gmail.com or contact me on X at https://x.com/RedShortsYT

If you enjoy channels like Daily Dose of Masculinity, Wisemind, Pandreo, and Quest PowerUp, you will enjoy this channel.",608519,46915,1296,2024-10-14T17:55:37Z
News,Harris takes on Fox News during heated interview,"Republican strategist Shermichael Singleton, former Rep. Max Rose (D-NY), and New York Times journalist Lulu Garcia-Navarro react to Vice President Kamala Harris' Fox News interview with Brett Baier. #CNN #news",670571,8670,17802,2024-10-17T00:24:18Z
Sports,He thought he was Tough..ü§£‚ò†Ô∏è#shorts #nfl,#football #patmahomes,3521373,197869,2291,2024-10-13T13:55:33Z
Sports,Baker Mayfield on Texas: 'Good feeling' being 'rent free in their heads' (via CJVogel_OTF/x) #shorts,"Baker Mayfield on Texas: 'Good feeling' being 'rent free in their heads' (via CJVogel_OTF/x) #shorts

‚úîÔ∏èSubscribe to ESPN+ http://espnplus.com/youtube
‚úîÔ∏è Get the ESPN App: http://www.espn.com/espn/apps/espn
‚úîÔ∏èSubscribe to ESPN on YouTube: http://es.pn/SUBSCRIBEtoYOUTUBE
‚úîÔ∏è Subscribe to NBA on ESPN on YouTube: http://bit.ly/SUBSCRIBEtoNBAonESPN
‚úîÔ∏è Watch ESPN on YouTube TV: http://es.pn/YouTubeTV",1988817,65315,1240,2024-10-14T00:40:32Z
Sports,Matt Carpenter was confused for a second üòÖ,"#baseball #smart #sneaky

‚úîÔ∏è Subscribe to ESPN+ http://espnplus.com/youtube
‚úîÔ∏è Get the ESPN App: http://www.espn.com/espn/apps/espn
‚úîÔ∏è Subscribe to ESPN on YouTube: http://es.pn/SUBSCRIBEtoYOUTUBE
‚úîÔ∏è Subscribe to MLB on ESPN on YouTube: http://bit.ly/SUBSCRIBEtoESPNMLB
‚úîÔ∏è Watch ESPN on YouTube TV: http://es.pn/YouTubeTV",2633100,54182,598,2024-10-06T13:00:54Z
Sports,This disqualified him?,"Enjoy!

#Clarkinc

Disclaimer:
Copyright Disclaimer Under Section 107 of the Copyright Act 1976, allowance is made for ""fair use"" for purposes such as criticism, comment, news reporting, teaching, scholarship, and research. Fair use is a use permitted by copyright statutes that might otherwise be infringing. Non-profit, educational, or personal use tips the balance in favor of fair use",2853889,165754,262,2024-10-13T22:45:00Z
Sports,What you thought would happen playing basketball in your driveway,#basketball #nba #sports #highschool,2386857,179148,495,2024-10-13T16:29:22Z
