Title,Description,Tags,View Count,Like Count,Comment Count,Video URL
HTML Tutorial for Beginners | Complete HTML with Notes & Code,"Notes - https://drive.google.com/drive/folders/1wfNTKinBAV6CCxaI5lfSnnRFAYpy0uEl?usp=share_link

You can join the  NEW Web Development batch using the below link.
üî•Delta 3.0(Full Stack Web Development)  : https://www.apnacollege.in/course/delta-batch-3

Early bird offer for first 5000 students only!

International Student (payment link) - https://buy.stripe.com/7sI00cdru0tg10saEQ
---------------------------------------------------

üìå Details about the Delta 3.0 Batch : 
- Start Date :  7th November, 2023
- Alternate day lectures (at 8PM)
- Duration - 4.5 months
- Each Class duration : 1.5 hour-2hour (alternate days)
- Access to the course is for 2 years
- Complete Frontend Development with HTML, CSS, Javascript & ReactJs 
- Complete Backend Development (NodeJs, ExpressJs)
- Complete Database -( SQL & MongoDB)
- Complete MERN Stack (MongoDB, Express, React, Node)
- Real Life and Industry Grade Projects
- Live Mentorship Sessions 
- 500+Topic Videos 
- Certificate will be given on Completion.","['html', 'html tutorial', 'css', 'web development', 'websites', 'coding for beginners', 'html basics', 'complete html', 'html in one video']",17648916,367553,18019,https://www.youtube.com/watch?v=HcOc7P5BMi4
HTML Tutorial for Beginners: HTML Crash Course,"Start your web development career with HTML! üåê  This beginner-friendly tutorial covers the essentials.

üöÄ Want to master HTML/CSS?
- Check out my complete course: https://mosh.link/htmlcss-course
- Subscribe for more awesome content: https://goo.gl/6PYaGF

‚úã Stay connected:
- Twitter: https://twitter.com/moshhamedani
- Facebook: https://www.facebook.com/programmingwithmosh/
- Instagram: https://www.instagram.com/codewithmosh.official/
- LinkedIn: https://www.linkedin.com/school/codewithmosh/

üí° Why HTML?
- It's the foundation for every website.
- Essential skill for front-end web developers.
- Easy to learn, even for absolute beginners.

üëâ This tutorial is perfect for you if:
- You dream of a career in web development.
- You want to build your own website.
- You're curious about how the internet works.

üìñ TABLE OF CONTENT 
0:00:00 Introduction
0:01:09 What You Need 
0:03:42 Languages and Tools of Web Development 
0:09:36 How the Web Works
0:14:27 Inspecting HTTP Requests and Responses 
0:18:30 HTML Basics
0:25:41 CSS Basics
0:30:35 Formatting Code
0:32:51 Inspecting Pages Using DevTools
0:35:04 Validating Web Pages
0:39:45 The Head Section
0:43:33 Text
0:50:13 Entities
0:53:42 Hyperlinks
1:03:12 Images

#HTML #WebDevelopment #Coding","['html tutorial', 'html5 tutorial', 'html', 'html5', 'learn html', 'html for beginners', 'html tutorial for beginners', 'web development', 'code with mosh', 'programming with mosh', 'mosh hamedani', 'web development tutorial', 'introduction to html', 'learn html5 from scratch', 'html css tutorial', 'html crash course']",9002591,203853,5440,https://www.youtube.com/watch?v=qz0aGYrrlhU
Squares | HTML CSS,"#shorts #html #css #tutorials #trending 
Source code: https://shorturl.at/oqIP5

Sound effects from Pixabay.",[],2078578,101524,629,https://www.youtube.com/watch?v=RlFmSQq8IsA
HTML & CSS Full Course - Beginner to Pro,"Certificates are now available! https://courses.supersimple.dev/courses/html-css
üéì Enroll to get a Certificate of Completion and an elevated learning experience (breakdown into smaller videos covering specific topics, ad-free content, and progress tracking).
‚úÖ Don't worry if you're halfway through the course or finished the course, you can skip the lessons you already finished and take the final test to get your Certificate.
‚ù§Ô∏è Thanks for supporting SuperSimpleDev!

In this full course, we learn how to build websites with HTML and CSS, and get started as a software engineer.
Exercise solutions: https://github.com/SuperSimpleDev/html-css-course-2022/tree/main/1-exercise-solutions
Copy of the code: https://github.com/SuperSimpleDev/html-css-course-2022/tree/main/2-copy-of-code
HTML and CSS reference: https://supersimpledev.github.io/references/html-css-reference.pdf

JavaScript Full Course: https://youtu.be/EerdGm-ehJQ

Premium Courses:
üéì Get a certificate for our courses with premium learning experience & support SuperSimpleDev! ‚ù§Ô∏è
HTML CSS Premium Course: https://courses.supersimple.dev/courses/html-css
JavaScript Premium Course: https://courses.supersimple.dev/courses/javascript

More in-depth videos, secrets of my channel, work-in-progress courses:
‚≠ê YouTube membership: https://www.youtube.com/@SuperSimpleDev/join

Support the SuperSimpleDev channel:
‚ù§Ô∏è https://supersimple.dev/donate
Your support will be used for equipment, software, and other necessary costs for planning, shooting, and editing courses like this. Thank you!

Lessons:
0:00 Intro
1:02 1. HTML Basics
17:42 2. CSS Basics
44:39 3. Hovers, Transitions, Shadows
1:03:10 4. Chrome DevTools & CSS Box Model
1:17:30 5. Text Styles
1:52:18 6. The HTML Structure
2:11:08 7. Images and Text Boxes
2:25:42 8. CSS Display Property
2:34:58 9. The div Element
2:46:55 10. Nested Layouts Technique
3:16:58 11. CSS Grid
3:43:58 12. Flexbox
4:15:21 13. Nested Flexbox
4:44:36 14. CSS Position
5:07:14 15. Position Absolute and Relative
5:33:49 16. Finish the Project
6:07:46 17. More CSS Features
6:30:21 Outro

Additional Information:
This HTML CSS full course is a series of HTML CSS tutorials, teaching the major skills that we need to create complex websites. Each HTML CSS tutorial builds on a project and provides some HTML CSS exercises to practice what we learned. By the end, we'll learn the basics of web development and we'll be on our way to becoming a web developer and software engineer.

#htmltutorial #csstutorial #htmlcssfullcourse #html #css #tutorial #fullcourse #course #htmltutorial #csstutorial #htmlcsstutorial #htmlfullcourse #cssfullcourse #webdevelopment #advancedhtmltutorial #advancedcsstutorial #coding #codingtutorial #softwareengineer #softwareengineering #learntocode #supersimpledev","['html', 'css', 'tutorial', 'course', 'full course', 'html css', 'html css full course', 'html css tutorial', 'web development', 'web developer', 'software engineer', 'software engineering', 'coding tutorial', 'html css course', 'learn to code', 'html full course', 'css full course', 'advanced html', 'advanced css', 'advanced html tutorial', 'advanced css tutorial', 'supersimpledev']",12091849,234404,12655,https://www.youtube.com/watch?v=G3e-cpL7ofc
HTML Tutorial for Beginners,"In this step-by-step tutorial, learn how to create a simple web page using HTML. You'll learn the basics of HTML, from how to structure an HTML document to how to use some of the most common HTML elements. You will see how to create headers, paragraphs, bold and italic text, tables, sections, and forms. You will also learn some tips and best practices for writing clean and semantic HTML code. By the end of this video, you will be able to create your own simple web page with HTML.

üìö RESOURCES
- Official HTML specification: https://html.spec.whatwg.org/
- Mozilla HTML documentation: https://developer.mozilla.org/en-US/
https://www.w3schools.com/
- w3schools HTML reference: https://www.w3schools.com/html/default.asp

‚åö TIMESTAMPS
00:00 Introduction
01:15 Create HTML file
03:11 Edit HTML file
05:33 Declarative language
06:23 Header element
09:10 Paragraph element
10:26 In line & nested elements
13:05 Markup language
13:43 Section element and indentation
15:30 Unordered list
17:11 Ordered list
18:45 Line breaks
19:56 Comments
21:22 Links and anchor
24:48 Images
28:17 Audio and video
29:32 Tables
32:55 Forms
34:17 Structure HTML page
38:18 Wrap up 
 
üì∫ RELATED VIDEOS
- Playlist with all my videos on HTML: https://www.youtube.com/playlist?list=PLlKpQrBME6xJBNa5ednpPuTgZm0-dTMfo

üì© NEWSLETTER
- Get the latest high-quality tutorial and tips and tricks videos emailed to your inbox each week: https://kevinstratvert.com/newsletter/

üîΩ CONNECT WITH ME
- Official web site: http://www.kevinstratvert.com
- LinkedIn: https://www.linkedin.com/in/kevinstratvert/
- Discord: https://bit.ly/KevinStratvertDiscord
- Twitter: https://twitter.com/kevstrat
- Facebook: https://www.facebook.com/Kevin-Stratvert-101912218227818
- TikTok: https://www.tiktok.com/@kevinstratvert
- Instagram: https://www.instagram.com/kevinstratvert/

üéí MY COURSES
- Go from Excel novice to data analysis ninja in just 2 hours: https://kevinstratvert.thinkific.com/

üôè REQUEST VIDEOS
https://forms.gle/BDrTNUoxheEoMLGt5

üîî SUBSCRIBE ON YOUTUBE
https://www.youtube.com/user/kevlers?sub_confirmation=1

üôå SUPPORT THE CHANNEL
- Hit the THANKS button in any video!
- Amazon affiliate link: https://amzn.to/3kCP2yz (Purchasing through this link gives me a small commission to support videos on this channel -- the price to you is the same)

#stratvert #html",['kevin stratvert'],733466,17918,572,https://www.youtube.com/watch?v=FQdaUv95mR8
